uw/pthread/spinlockhandling.py,53964643,5484021,vmcore-main,obj,w2-vmkcoreqe-010,passed,3.48s,
uw/pthread/management.py,53964643,5484021,vmcore-main,obj,w2-vmkcoreqe-010,passed,3.88s,
uw/pthread/attributehandling.py,53964643,5484021,vmcore-main,obj,w2-vmkcoreqe-010,passed,10.85s,
uw/hardening/localcli/moveGroupInvalidGroupPath.py,53964643,5484021,vmcore-main,obj,w2-vmkcoreqe-010,passed,1.59s,
uw/hardening/localcli/addGroupExisting.py,53964643,5484021,vmcore-main,obj,w2-vmkcoreqe-010,passed,1.06s,
uw/pthread/cancellation.py,53964643,5484021,vmcore-main,obj,w2-vmkcoreqe-010,passed,11.08s,
uw/hardening/localcli/enforceGet.py,53964643,5484021,vmcore-main,obj,w2-vmkcoreqe-010,passed,1.30s,
uw/hardening/localcli/listGroupsInvalidPath.py,53964643,5484021,vmcore-main,obj,w2-vmkcoreqe-010,passed,1.26s,
uw/hardening/localcli/listGroups.py,53964643,5484021,vmcore-main,obj,w2-vmkcoreqe-010,passed,1.16s,
uw/hardening/localcli/resourceGetInvalidResource.py,53964643,5484021,vmcore-main,obj,w2-vmkcoreqe-010,passed,1.17s,
uw/hardening/localcli/listGroupsInvalidLeveltooLargeValue.py,53964643,5484021,vmcore-main,obj,w2-vmkcoreqe-010,passed,1.22s,
uw/hardening/localcli/resourceGet.py,53964643,5484021,vmcore-main,obj,w2-vmkcoreqe-010,passed,1.06s,
uw/hardening/localcli/resourceSetInvalidResource.py,53964643,5484021,vmcore-main,obj,w2-vmkcoreqe-010,passed,1.06s,
uw/hardening/localcli/enforceSetInvalidLevel.py,53964643,5484021,vmcore-main,obj,w2-vmkcoreqe-010,passed,1.22s,
uw/hardening/localcli/enforceGetInvalidGroupPath.py,53964643,5484021,vmcore-main,obj,w2-vmkcoreqe-010,passed,0.86s,
uw/hardening/localcli/renameGroupConflictWithExisting.py,53964643,5484021,vmcore-main,obj,w2-vmkcoreqe-010,passed,1.20s,
uw/hardening/localcli/addGroupInvalidCharsInName.py,53964643,5484021,vmcore-main,obj,w2-vmkcoreqe-010,passed,0.99s,
uw/hardening/localcli/moveGroupConflictWithExistingDest.py,53964643,5484021,vmcore-main,obj,w2-vmkcoreqe-010,passed,1.02s,
uw/hardening/localcli/enforceSetInvalidGroupPath.py,53964643,5484021,vmcore-main,obj,w2-vmkcoreqe-010,passed,1.11s,
uw/pthread/rwlockhandling.py,53964643,5484021,vmcore-main,obj,w2-vmkcoreqe-010,passed,31.64s,
uw/hardening/localcli/enforceMaxLevelOnPathInEffect.py,53964643,5484021,vmcore-main,obj,w2-vmkcoreqe-010,passed,1.07s,
uw/hardening/localcli/i18nstringTooLong.py,53964643,5484021,vmcore-main,obj,w2-vmkcoreqe-010,passed,1.40s,
uw/hardening/localcli/addGroupInvalidNameLength.py,53964643,5484021,vmcore-main,obj,w2-vmkcoreqe-010,passed,1.24s,
uw/hardening/localcli/listGroupsInvalidLevelnonNumericValue.py,53964643,5484021,vmcore-main,obj,w2-vmkcoreqe-010,passed,0.86s,
uw/hardening/localcli/moveGroupViolateCyclicDependency.py,53964643,5484021,vmcore-main,obj,w2-vmkcoreqe-010,passed,1.05s,
uw/hardening/localcli/moveGroupViolateResourceConstraint.py,53964643,5484021,vmcore-main,obj,w2-vmkcoreqe-010,passed,1.22s,
uw/hardening/localcli/listGroupsInvalidLevelnegativeValue.py,53964643,5484021,vmcore-main,obj,w2-vmkcoreqe-010,passed,1.21s,
uw/hardening/localcli/renameGroup.py,53964643,5484021,vmcore-main,obj,w2-vmkcoreqe-010,passed,1.08s,
uw/hardening/localcli/addGroup.py,53964643,5484021,vmcore-main,obj,w2-vmkcoreqe-010,passed,1.17s,
uw/hardening/localcli/i18nnonASCII.py,53964643,5484021,vmcore-main,obj,w2-vmkcoreqe-010,passed,1.08s,
uw/hardening/localcli/moveGroupInvalidParentPath.py,53964643,5484021,vmcore-main,obj,w2-vmkcoreqe-010,passed,1.06s,
uw/hardening/localcli/resourceSet.py,53964643,5484021,vmcore-main,obj,w2-vmkcoreqe-010,passed,1.17s,
uw/hardening/localcli/renameGroupInvalidGroupPath.py,53964643,5484021,vmcore-main,obj,w2-vmkcoreqe-010,passed,1.14s,
uw/hardening/localcli/resourceSetInvalidGroupPath.py,53964643,5484021,vmcore-main,obj,w2-vmkcoreqe-010,passed,1.11s,
uw/hardening/localcli/moveGroup.py,53964643,5484021,vmcore-main,obj,w2-vmkcoreqe-010,passed,1.21s,
uw/hardening/localcli/deleteGroup.py,53964643,5484021,vmcore-main,obj,w2-vmkcoreqe-010,passed,1.01s,
uw/hardening/localcli/addGroupInvalidPath.py,53964643,5484021,vmcore-main,obj,w2-vmkcoreqe-010,passed,1.13s,
uw/hardening/localcli/resourceGetInvalidGroupPath.py,53964643,5484021,vmcore-main,obj,w2-vmkcoreqe-010,passed,1.00s,
uw/hardening/localcli/verifyResourceStatsLockStepnSockLocal.py,53964643,5484021,vmcore-main,obj,w2-vmkcoreqe-010,passed,29.80s,
uw/hardening/localcli/deleteGroupInvalidPath.py,53964643,5484021,vmcore-main,obj,w2-vmkcoreqe-010,passed,1.14s,
uw/hardening/localcli/verifyResourceStatsLockStepnSockInet.py,53964643,5484021,vmcore-main,obj,w2-vmkcoreqe-010,passed,28.84s,
uw/hardening/localcli/enforceSet.py,53964643,5484021,vmcore-main,obj,w2-vmkcoreqe-010,passed,3.44s,
uw/hardening/localcli/resourceSetInvalidMax.py,53964643,5484021,vmcore-main,obj,w2-vmkcoreqe-010,passed,1.35s,
uw/sysvsem/seqsemops.py,53964643,5484021,vmcore-main,obj,w2-vmkcoreqe-010,passed,9.64s,
uw/hardening/localcli/verifyResourceStatsLockStepnSem.py,53964643,5484021,vmcore-main,obj,w2-vmkcoreqe-010,passed,43.76s,
uw/hardening/localcli/verifyResourceStatsLockStepnSock.py,53964643,5484021,vmcore-main,obj,w2-vmkcoreqe-010,passed,54.21s,
uw/sysvsem/sysvsemget.py,53964643,5484021,vmcore-main,obj,w2-vmkcoreqe-010,passed,26.27s,
uw/hardening/localcli/verifyResourceStatsLockStepnThread.py,53964643,5484021,vmcore-main,obj,w2-vmkcoreqe-010,passed,73.74s,
uw/sysvsem/sysvsemops.py,53964643,5484021,vmcore-main,obj,w2-vmkcoreqe-010,passed,65.82s,
uw/fs/fs_cat_1.py,53964643,5484021,vmcore-main,obj,w2-vmkcoreqe-010,passed,11.06s,
uw/fs/uwfs_relfunc.py,53964643,5484021,vmcore-main,obj,w2-vmkcoreqe-010,passed,3.51s,
uw/fs/uwfs_readWithInterrupt.py,53964643,5484021,vmcore-main,obj,w2-vmkcoreqe-010,passed,4.85s,
uw/fs/fs_stat64.py,53964643,5484021,vmcore-main,obj,w2-vmkcoreqe-010,passed,10.68s,
uw/fs/fs_writetounlinkd.py,53964643,5484021,vmcore-main,obj,w2-vmkcoreqe-010,passed,11.84s,
uw/misc/sysinfo.py,53964643,5484021,vmcore-main,obj,w2-vmkcoreqe-010,passed,2.05s,
uw/misc/timezone.py,53964643,5484021,vmcore-main,obj,w2-vmkcoreqe-010,passed,2.56s,
uw/misc/dlopen_32.py,53964643,5484021,vmcore-main,obj,w2-vmkcoreqe-010,passed,2.95s,
uw/misc/versions.py,53964643,5484021,vmcore-main,obj,w2-vmkcoreqe-010,passed,2.47s,
uw/uwnet/peercred.py,53964643,5484021,vmcore-main,obj,w2-vmkcoreqe-010,passed,27.05s,
uw/uwnet/asyncconnect.py,53964643,5484021,vmcore-main,obj,w2-vmkcoreqe-010,passed,4.97s,
uw/uwnet/ipopts.py,53964643,5484021,vmcore-main,obj,w2-vmkcoreqe-010,passed,3.28s,
uw/uwnet/ifconfig.py,53964643,5484021,vmcore-main,obj,w2-vmkcoreqe-010,passed,2.55s,
uw/uwnet/getnameinfo.py,53964643,5484021,vmcore-main,obj,w2-vmkcoreqe-010,passed,3.55s,
uw/busybox/timedate.sh,53964643,5484021,vmcore-main,obj,w2-vmkcoreqe-010,passed,2.15s,
uw/epoll_stress/eventfd.py,53964643,5484021,vmcore-main,obj,w2-vmkcoreqe-010,passed,12.97s,
uw/sysvsem/sysvsemtimedops.py,53964643,5484021,vmcore-main,obj,w2-vmkcoreqe-010,passed,216.97s,
uw/uwsignals/sigsusp.py,53964643,5484021,vmcore-main,obj,w2-vmkcoreqe-010,passed,2.19s,
uw/uwsignals/sigstop.py,53964643,5484021,vmcore-main,obj,w2-vmkcoreqe-010,passed,18.89s,
uw/uwsignals/sigthreaddoublekill.py,53964643,5484021,vmcore-main,obj,w2-vmkcoreqe-010,passed,2.20s,
uw/uwsignals/sigunaligned.py,53964643,5484021,vmcore-main,obj,w2-vmkcoreqe-010,passed,2.00s,
uw/sysvsem/sysvsemtimedops32bit.py,53964643,5484021,vmcore-main,obj,w2-vmkcoreqe-010,passed,218.64s,
uw/sysvsem/sysvsemping.py,53964643,5484021,vmcore-main,obj,w2-vmkcoreqe-010,passed,285.70s,
uw/uwsignals/alarm.py,53964643,5484021,vmcore-main,obj,w2-vmkcoreqe-010,passed,41.03s,
uw/uwsignals/sigpending.py,53964643,5484021,vmcore-main,obj,w2-vmkcoreqe-010,passed,56.14s,
security/vmkaccesspolicy.sh,53964643,5484021,vmcore-main,obj,w2-vmkcoreqe-010,passed,1007.55s,
uw/uw_sim_reboot.py,53964643,5484021,vmcore-main,obj,w2-vmkcoreqe-010,passed,69.72s,
uw/uwsync.py,53964643,5484021,vmcore-main,obj,w2-vmkcoreqe-010,passed,39.17s,
uw/uwcoredump.py,53964643,5484021,vmcore-main,obj,w2-vmkcoreqe-010,passed,9.91s,
uw/uwhttp.py,53964643,5484021,vmcore-main,obj,w2-vmkcoreqe-010,passed,47.94s,
uw/userspaces.py,53964643,5484021,vmcore-main,obj,w2-vmkcoreqe-010,passed,85.46s,
uw/asyncio/asyncIOOPReadWrite.py,53964643,5484021,vmcore-main,obj,w2-vmkcoreqe-010,passed,40.64s,
uw/asyncio/asyncIOSubmitNeg.py,53964643,5484021,vmcore-main,obj,w2-vmkcoreqe-010,passed,244.77s,
uw/uwproc/uwproc_prctl-fss.py,53964643,5484021,vmcore-main,obj,w1-vmkcoreqe-044,passed,3.14s,
uw/uwproc/uwproc_pgroups.py,53964643,5484021,vmcore-main,obj,w1-vmkcoreqe-044,passed,5.70s,
uw/uwproc/uwproc_simpleexecve.py,53964643,5484021,vmcore-main,obj,w1-vmkcoreqe-044,passed,7.77s,
uw/uwproc/uwproc_forkexecSharing.py,53964643,5484021,vmcore-main,obj,w1-vmkcoreqe-044,passed,3.43s,
uw/uwproc/uwproc_execveneg.py,53964643,5484021,vmcore-main,obj,w1-vmkcoreqe-044,passed,3.82s,
uw/uwproc/uwproc_blockexit.py,53964643,5484021,vmcore-main,obj,w1-vmkcoreqe-044,passed,10.74s,
uw/uwproc/uwproc_forkchk.py,53964643,5484021,vmcore-main,obj,w1-vmkcoreqe-044,passed,3.75s,
uw/uwproc/uwproc_waittest.py,53964643,5484021,vmcore-main,obj,w1-vmkcoreqe-044,passed,4.18s,
uw/uwproc/uwproc_setresuid.py,53964643,5484021,vmcore-main,obj,w1-vmkcoreqe-044,passed,4.09s,
uw/uwproc/uwproc_setuid.py,53964643,5484021,vmcore-main,obj,w1-vmkcoreqe-044,passed,10.56s,
uw/uwproc/uwproc_sysvshm.py,53964643,5484021,vmcore-main,obj,w1-vmkcoreqe-044,passed,19.57s,
uw/fs/fs_odirect_verify.sh,53964643,5484021,vmcore-main,obj,w1-vmkcoreqe-044,passed,0.91s,
uw/fs/uwfs_passingFD.py,53964643,5484021,vmcore-main,obj,w1-vmkcoreqe-044,passed,9.80s,
uw/fs/fs_preadwrite.py,53964643,5484021,vmcore-main,obj,w1-vmkcoreqe-044,passed,22.73s,
uw/uwproc/uwproc_seccomp.py,53964643,5484021,vmcore-main,obj,w1-vmkcoreqe-044,passed,40.29s,
uw/fs/uwfs_sendfile.py,53964643,5484021,vmcore-main,obj,w1-vmkcoreqe-044,passed,32.78s,
uw/fs/fs_fdInheritOnFork.py,53964643,5484021,vmcore-main,obj,w1-vmkcoreqe-044,passed,14.59s,
uw/fs/uwfs_fdatasync.py,53964643,5484021,vmcore-main,obj,w1-vmkcoreqe-044,passed,14.35s,
uw/misc/uname.py,53964643,5484021,vmcore-main,obj,w1-vmkcoreqe-044,passed,3.05s,
uw/misc/hello.py,53964643,5484021,vmcore-main,obj,w1-vmkcoreqe-044,passed,2.60s,
uw/fs/fs_mkstemp.py,53964643,5484021,vmcore-main,obj,w1-vmkcoreqe-044,passed,30.11s,
uw/misc/gettimeofday.py,53964643,5484021,vmcore-main,obj,w1-vmkcoreqe-044,passed,2.37s,
uw/fs/fs_filecreate.py,53964643,5484021,vmcore-main,obj,w1-vmkcoreqe-044,passed,31.55s,
uw/misc/locales.py,53964643,5484021,vmcore-main,obj,w1-vmkcoreqe-044,passed,6.30s,
uw/misc/notimplemented.py,53964643,5484021,vmcore-main,obj,w1-vmkcoreqe-044,passed,9.70s,
uw/misc/helloprintf.py,53964643,5484021,vmcore-main,obj,w1-vmkcoreqe-044,passed,8.78s,
uw/misc/sgio.py,53964643,5484021,vmcore-main,obj,w1-vmkcoreqe-044,passed,23.03s,
uw/uwnet/socketshare.py,53964643,5484021,vmcore-main,obj,w1-vmkcoreqe-044,passed,18.97s,
uw/uwnet/unix_domain_socket.py,53964643,5484021,vmcore-main,obj,w1-vmkcoreqe-044,passed,34.28s,
uw/uwnet/unix_socket_limit.py,53964643,5484021,vmcore-main,obj,w1-vmkcoreqe-044,passed,3.58s,
uw/uwnet/nettest.py,53964643,5484021,vmcore-main,obj,w1-vmkcoreqe-044,passed,36.85s,
uw/uwnet/sockoptipv6.py,53964643,5484021,vmcore-main,obj,w1-vmkcoreqe-044,passed,3.68s,
uw/busybox/awk.sh,53964643,5484021,vmcore-main,obj,w1-vmkcoreqe-044,passed,2.71s,
uw/busybox/readlink.sh,53964643,5484021,vmcore-main,obj,w1-vmkcoreqe-044,passed,2.08s,
uw/uwnet/msgnosig.py,53964643,5484021,vmcore-main,obj,w1-vmkcoreqe-044,passed,33.30s,
uw/busybox/tar.sh,53964643,5484021,vmcore-main,obj,w1-vmkcoreqe-044,passed,6.68s,
uw/busybox/unzip.py,53964643,5484021,vmcore-main,obj,w1-vmkcoreqe-044,passed,7.39s,
uw/epoll_stress/inet_socket.py,53964643,5484021,vmcore-main,obj,w1-vmkcoreqe-044,passed,3.71s,
uw/uwsignals/pause.py,53964643,5484021,vmcore-main,obj,w1-vmkcoreqe-044,passed,21.56s,
uw/uwsignals/sigill.py,53964643,5484021,vmcore-main,obj,w1-vmkcoreqe-044,passed,2.56s,
uw/uwsignals/sighandler.py,53964643,5484021,vmcore-main,obj,w1-vmkcoreqe-044,passed,3.07s,
uw/fs/uwfs_maxOpenFds.py,53964643,5484021,vmcore-main,obj,w1-vmkcoreqe-044,passed,151.66s,
uw/uwsignals/sigmaskunblockable.py,53964643,5484021,vmcore-main,obj,w1-vmkcoreqe-044,passed,2.69s,
uw/ntp/getres.py,53964643,5484021,vmcore-main,obj,w1-vmkcoreqe-044,passed,49.35s,
uw/ntp/riot.py,53964643,5484021,vmcore-main,obj,w1-vmkcoreqe-044,passed,75.37s,
rm/mem/outofreservation/forkWOOR.py,53964643,5484021,vmcore-main,obj,w1-vmkcoreqe-044,passed,3.98s,
security/domainLeakTest.py,53964643,5484021,vmcore-main,obj,w1-vmkcoreqe-044,passed,11.92s,
uwtools/strace/strace-test.sh,53964643,5484021,vmcore-main,obj,w1-vmkcoreqe-044,passed,2.03s,
filesystems/fsnTest.py,53964643,5484021,vmcore-main,obj,w1-vmkcoreqe-044,failed,1.42s,
uw/uwproc/uwproc_prctl.py,53964643,5484021,vmcore-main,obj,w2-esxfs-003,passed,2.36s,
uw/uwproc/uwproc_setsid.py,53964643,5484021,vmcore-main,obj,w2-esxfs-003,passed,10.39s,
uw/uwproc/uwproc_doexit.py,53964643,5484021,vmcore-main,obj,w2-esxfs-003,passed,10.30s,
uw/uwproc/uwproc_setreuid.py,53964643,5484021,vmcore-main,obj,w2-esxfs-003,passed,3.13s,
uw/uwproc/uwproc_childexit.py,53964643,5484021,vmcore-main,obj,w2-esxfs-003,passed,2.52s,
uw/uwproc/uwproc_procexit.py,53964643,5484021,vmcore-main,obj,w2-esxfs-003,passed,4.63s,
uw/uwproc/uwproc_execvedriver.py,53964643,5484021,vmcore-main,obj,w2-esxfs-003,passed,5.25s,
uw/fs/fs_mount.py,53964643,5484021,vmcore-main,obj,w2-esxfs-003,passed,9.97s,
uw/uwproc/uwproc_setpgid.py,53964643,5484021,vmcore-main,obj,w2-esxfs-003,passed,34.93s,
uw/fs/fs_renamexdev.py,53964643,5484021,vmcore-main,obj,w2-esxfs-003,passed,11.52s,
uw/fs/fs_canmaketestfiles.py,53964643,5484021,vmcore-main,obj,w2-esxfs-003,passed,10.81s,
uw/uwproc/uwproc_forkleak.py,53964643,5484021,vmcore-main,obj,w2-esxfs-003,passed,46.40s,
uw/fs/uwfs_chroot.py,53964643,5484021,vmcore-main,obj,w2-esxfs-003,passed,3.44s,
uw/fs/uwfs_truncate.py,53964643,5484021,vmcore-main,obj,w2-esxfs-003,passed,3.19s,
uw/fs/uwfs_epoll.py,53964643,5484021,vmcore-main,obj,w2-esxfs-003,passed,10.93s,
uw/fs/uwfs_parallelops.py,53964643,5484021,vmcore-main,obj,w2-esxfs-003,passed,3.78s,
uw/fs/uwfs_ppoll.py,53964643,5484021,vmcore-main,obj,w2-esxfs-003,passed,48.52s,
uw/fs/uwfs_testspldevs.py,53964643,5484021,vmcore-main,obj,w2-esxfs-003,passed,2.79s,
uw/misc/uwvmk-version.py,53964643,5484021,vmcore-main,obj,w2-esxfs-003,passed,2.79s,
uw/misc/echoenv.py,53964643,5484021,vmcore-main,obj,w2-esxfs-003,passed,2.75s,
uw/misc/syscallenter.py,53964643,5484021,vmcore-main,obj,w2-esxfs-003,passed,5.52s,
uw/fs/uwfs_pselect.py,53964643,5484021,vmcore-main,obj,w2-esxfs-003,passed,48.87s,
uw/misc/sysctl.py,53964643,5484021,vmcore-main,obj,w2-esxfs-003,passed,3.39s,
uw/misc/smbiosTest.py,53964643,5484021,vmcore-main,obj,w2-esxfs-003,passed,4.51s,
uw/uwnet/fionbio.py,53964643,5484021,vmcore-main,obj,w2-esxfs-003,passed,3.04s,
uw/fs/fs_fstest.py,53964643,5484021,vmcore-main,obj,w2-esxfs-003,passed,67.17s,
uw/uwnet/getsockname.py,53964643,5484021,vmcore-main,obj,w2-esxfs-003,passed,3.29s,
uw/uwnet/unix_socket_mismatch.py,53964643,5484021,vmcore-main,obj,w2-esxfs-003,passed,3.28s,
uw/uwnet/sockflags.py,53964643,5484021,vmcore-main,obj,w2-esxfs-003,passed,2.67s,
uw/uwnet/uxdblk.py,53964643,5484021,vmcore-main,obj,w2-esxfs-003,passed,24.49s,
uw/uwnet/uxdmsg.py,53964643,5484021,vmcore-main,obj,w2-esxfs-003,passed,43.25s,
uw/fs/uwfs_fcntlLock.py,53964643,5484021,vmcore-main,obj,w2-esxfs-003,passed,81.44s,
uw/uwnet/accepttest.py,53964643,5484021,vmcore-main,obj,w2-esxfs-003,passed,13.46s,
uw/epoll_stress/unix_socket.py,53964643,5484021,vmcore-main,obj,w2-esxfs-003,passed,6.74s,
uw/uwnet/socketpair.py,53964643,5484021,vmcore-main,obj,w2-esxfs-003,passed,12.76s,
uw/uwsignals/sigq.py,53964643,5484021,vmcore-main,obj,w2-esxfs-003,passed,4.00s,
uw/uwsignals/sigrecursive.py,53964643,5484021,vmcore-main,obj,w2-esxfs-003,passed,6.87s,
uw/ntp/adjusttime.py,53964643,5484021,vmcore-main,obj,w2-esxfs-003,passed,12.16s,
uw/uwsignals/sigmask.py,53964643,5484021,vmcore-main,obj,w2-esxfs-003,passed,4.22s,
uw/uwsignals/sigsegvaltstack.py,53964643,5484021,vmcore-main,obj,w2-esxfs-003,passed,2.58s,
uw/uwsignals/sa_oneshot.py,53964643,5484021,vmcore-main,obj,w2-esxfs-003,passed,8.59s,
uw/uwsignals/sigfault.py,53964643,5484021,vmcore-main,obj,w2-esxfs-003,passed,6.61s,
uw/uwsignals/sleepcheck.py,53964643,5484021,vmcore-main,obj,w2-esxfs-003,passed,15.48s,
uw/uwsignals/infinitesignals.py,53964643,5484021,vmcore-main,obj,w2-esxfs-003,passed,7.93s,
uw/uwsignals/sigkill.py,53964643,5484021,vmcore-main,obj,w2-esxfs-003,passed,11.19s,
uw/uwsignals/sigchld.py,53964643,5484021,vmcore-main,obj,w2-esxfs-003,passed,10.99s,
uw/uwnet/udptest.py,53964643,5484021,vmcore-main,obj,w2-esxfs-003,passed,118.78s,
security/vmkaccessDomainSyscallTest.py,53964643,5484021,vmcore-main,obj,w2-esxfs-003,passed,5.27s,
filesystems/bcLastCloseRace.py,53964643,5484021,vmcore-main,obj,w2-esxfs-003,passed,6.07s,
filesystems/nfs/nfs-server-uwtest.sh,53964643,5484021,vmcore-main,obj,w2-esxfs-003,passed,831.00s,
uw/page_share_multithread.py,53964643,5484021,vmcore-main,obj,w2-esxfs-003,passed,17.82s,
uw/random_maps.py,53964643,5484021,vmcore-main,obj,w2-esxfs-003,passed,5.15s,
uw/userMemSweep.py,53964643,5484021,vmcore-main,obj,w2-esxfs-003,passed,21.22s,
uw/userVASpaceTest.sh,53964643,5484021,vmcore-main,obj,w2-esxfs-003,passed,3.94s,
uw/host_local_swap.py,53964643,5484021,vmcore-main,obj,w2-esxfs-003,passed,4.95s,
uw/verifySystemWideMaxUWCartels.py,53964643,5484021,vmcore-main,obj,w2-esxfs-003,passed,56.89s,
uw/uwvmk.py,53964643,5484021,vmcore-main,obj,w2-esxfs-003,passed,239.30s,
uw/uwptools.py,53964643,5484021,vmcore-main,obj,w2-esxfs-003,passed,26.90s,
uw/asyncio/asyncIOCreateDestroyTest.py,53964643,5484021,vmcore-main,obj,w2-esxfs-003,passed,3.12s,
uw/asyncio/asyncIOOPWait.py,53964643,5484021,vmcore-main,obj,w2-esxfs-003,passed,192.26s,
uw/fs/fs_pristineTar.py,53964643,5484021,vmcore-main,obj,w2-esxfs-003,passed,1.58s,
uw/uwnet/tcptest.py,53964643,5484021,vmcore-main,obj,w2-esxfs-003,passed,36.24s,
uw/busybox/init.py,53964643,5484021,vmcore-main,obj,w2-esxfs-003,passed,5.98s,
uw/ntp/settime.py,53964643,5484021,vmcore-main,obj,w2-esxfs-003,passed,10.47s,
uw/others/userProc.sh,53964643,5484021,vmcore-main,obj,w2-esxfs-003,passed,11.59s,
security/vmkaccessReplacePolicy.py,53964643,5484021,vmcore-main,obj,w2-vmkcoreqe-004,passed,1.08s,
filesystems/userworld.py,53964643,5484021,vmcore-main,obj,w2-vmkcoreqe-004,passed,2.61s,
security/vmkaccessCheck.py,53964643,5484021,vmcore-main,obj,w2-vmkcoreqe-004,passed,4.22s,
security/vmkaccessPolicyMgmt.py,53964643,5484021,vmcore-main,obj,w2-vmkcoreqe-004,passed,5.75s,
uw/uw_fdlimits.py,53964643,5484021,vmcore-main,obj,w2-vmkcoreqe-004,passed,1.41s,
uw/cowcheck.py,53964643,5484021,vmcore-main,obj,w2-vmkcoreqe-004,passed,5.86s,
uw/sockoptNetstack.py,53964643,5484021,vmcore-main,obj,w2-vmkcoreqe-004,passed,7.89s,
uw/rawlong.py,53964643,5484021,vmcore-main,obj,w2-vmkcoreqe-004,passed,1.19s,
uw/vmklink.py,53964643,5484021,vmcore-main,obj,w2-vmkcoreqe-004,passed,5.19s,
uw/uwthreads.py,53964643,5484021,vmcore-main,obj,w2-vmkcoreqe-004,passed,7.25s,
uw/uwexeccheck.py,53964643,5484021,vmcore-main,obj,w2-vmkcoreqe-004,passed,0.88s,
uw/uwrm.py,53964643,5484021,vmcore-main,obj,w2-vmkcoreqe-004,passed,5.62s,
uw/uwEncryptedSwap.py,53964643,5484021,vmcore-main,obj,w2-vmkcoreqe-004,passed,22.38s,
uw/uwpoll.py,53964643,5484021,vmcore-main,obj,w2-vmkcoreqe-004,passed,15.06s,
uw/inotify.py,53964643,5484021,vmcore-main,obj,w2-vmkcoreqe-004,passed,0.88s,
uw/sshperm.py,53964643,5484021,vmcore-main,obj,w2-vmkcoreqe-004,passed,0.39s,
uw/readlink.py,53964643,5484021,vmcore-main,obj,w2-vmkcoreqe-004,passed,11.67s,
uw/fs_disk.py,53964643,5484021,vmcore-main,obj,w2-vmkcoreqe-004,passed,7.26s,
uw/getppid_ptrace.py,53964643,5484021,vmcore-main,obj,w2-vmkcoreqe-004,passed,0.88s,
uw/vmkuserpy.py,53964643,5484021,vmcore-main,obj,w2-vmkcoreqe-004,passed,0.17s,
uw/uwswap.py,53964643,5484021,vmcore-main,obj,w2-vmkcoreqe-004,passed,1.81s,
uw/xzDecompressionTest.py,53964643,5484021,vmcore-main,obj,w2-vmkcoreqe-004,passed,6.15s,
uw/userMemTest.py,53964643,5484021,vmcore-main,obj,w2-vmkcoreqe-004,passed,3.24s,
uw/many_mallocs.py,53964643,5484021,vmcore-main,obj,w2-vmkcoreqe-004,passed,4.37s,
uw/multithreadedCOW.py,53964643,5484021,vmcore-main,obj,w2-vmkcoreqe-004,passed,1.19s,
uw/uw_vmksyscall_domainTests.py,53964643,5484021,vmcore-main,obj,w2-vmkcoreqe-004,passed,1.29s,
uw/pselect6.py,53964643,5484021,vmcore-main,obj,w2-vmkcoreqe-004,passed,6.15s,
uw/malloc_riot/malloc_riot32.py,53964643,5484021,vmcore-main,obj,w2-vmkcoreqe-004,passed,0.89s,
uw/malloc_riot/malloc_riot64.py,53964643,5484021,vmcore-main,obj,w2-vmkcoreqe-004,passed,0.89s,
uw/uwdebug/mmaptest.py,53964643,5484021,vmcore-main,obj,w2-vmkcoreqe-004,passed,3.03s,
uw/pthread/tsdhandling.py,53964643,5484021,vmcore-main,obj,w2-vmkcoreqe-004,passed,1.60s,
uw/pthread/barrierhandling.py,53964643,5484021,vmcore-main,obj,w2-vmkcoreqe-004,passed,0.68s,
uw/pthread/scheduling.py,53964643,5484021,vmcore-main,obj,w2-vmkcoreqe-004,passed,1.60s,
uw/pthread/misc.py,53964643,5484021,vmcore-main,obj,w2-vmkcoreqe-004,passed,1.60s,
uw/pthread/mutexhandling.py,53964643,5484021,vmcore-main,obj,w2-vmkcoreqe-004,passed,8.68s,
uw/uw_hardening_enforcement.py,53964643,5484021,vmcore-main,obj,w2-vmkcoreqe-004,passed,165.68s,
uw/hardening/localcli/verifyResourceStatsLockStepnInodes.py,53964643,5484021,vmcore-main,obj,w2-vmkcoreqe-004,passed,43.95s,
uw/sysvsem/seqsemtimedops.py,53964643,5484021,vmcore-main,obj,w2-vmkcoreqe-004,passed,61.82s,
uw/fs/fs_readlink.py,53964643,5484021,vmcore-main,obj,w2-vmkcoreqe-004,passed,7.77s,
uw/fs/uwfs_fifo.py,53964643,5484021,vmcore-main,obj,w2-vmkcoreqe-004,passed,9.12s,
uw/fs/uwfs_epoll_unix_dgram.py,53964643,5484021,vmcore-main,obj,w2-vmkcoreqe-004,passed,2.94s,
uw/pthread/condvarhandling.py,53964643,5484021,vmcore-main,obj,w2-vmkcoreqe-004,passed,212.46s,
uw/fs/fs_xattr.py,53964643,5484021,vmcore-main,obj,w2-vmkcoreqe-004,passed,1.72s,
uw/fs/fs_terminal.py,53964643,5484021,vmcore-main,obj,w2-vmkcoreqe-004,passed,1.70s,
uw/fs/uwfs_fdshare.py,53964643,5484021,vmcore-main,obj,w2-vmkcoreqe-004,passed,0.91s,
uw/fs/uwfs_writetounlinkd.py,53964643,5484021,vmcore-main,obj,w2-vmkcoreqe-004,passed,0.99s,
uw/fs/fs_kheapSuck.py,53964643,5484021,vmcore-main,obj,w2-vmkcoreqe-004,passed,3.77s,
uw/fs/uwfs_ftruncate.py,53964643,5484021,vmcore-main,obj,w2-vmkcoreqe-004,passed,0.88s,
uw/fs/fs_duptest.py,53964643,5484021,vmcore-main,obj,w2-vmkcoreqe-004,passed,10.27s,
uw/fs/fs_longfilename.py,53964643,5484021,vmcore-main,obj,w2-vmkcoreqe-004,passed,5.20s,
uw/fs/uwfs_eventfd.py,53964643,5484021,vmcore-main,obj,w2-vmkcoreqe-004,passed,12.82s,
uw/fs/fs_relativedir.py,53964643,5484021,vmcore-main,obj,w2-vmkcoreqe-004,passed,5.51s,
uw/fs/uwfs_nonblock.py,53964643,5484021,vmcore-main,obj,w2-vmkcoreqe-004,passed,1.09s,
uw/fs/uwfs_xattr.py,53964643,5484021,vmcore-main,obj,w2-vmkcoreqe-004,passed,0.89s,
uw/fs/fs_opendir.py,53964643,5484021,vmcore-main,obj,w2-vmkcoreqe-004,passed,4.27s,
uw/fs/fs_deepdirchain.py,53964643,5484021,vmcore-main,obj,w2-vmkcoreqe-004,passed,5.20s,
uw/fs/fs_flockupgrade.py,53964643,5484021,vmcore-main,obj,w2-vmkcoreqe-004,passed,5.41s,
uw/fs/fs_fdExhaust.py,53964643,5484021,vmcore-main,obj,w2-vmkcoreqe-004,passed,5.73s,
uw/misc/dlopen_64.py,53964643,5484021,vmcore-main,obj,w2-vmkcoreqe-004,passed,0.68s,
uw/misc/echoargs.py,53964643,5484021,vmcore-main,obj,w2-vmkcoreqe-004,passed,1.31s,
uw/misc/timeofday.py,53964643,5484021,vmcore-main,obj,w2-vmkcoreqe-004,passed,0.68s,
uw/misc/uwtimes.py,53964643,5484021,vmcore-main,obj,w2-vmkcoreqe-004,passed,0.68s,
uw/misc/uwtime.py,53964643,5484021,vmcore-main,obj,w2-vmkcoreqe-004,passed,0.70s,
uw/fs/fs_openfile.py,53964643,5484021,vmcore-main,obj,w2-vmkcoreqe-004,passed,5.64s,
uw/misc/intr.py,53964643,5484021,vmcore-main,obj,w2-vmkcoreqe-004,passed,27.16s,
uw/uwnet/uxdsockshtd.py,53964643,5484021,vmcore-main,obj,w2-vmkcoreqe-004,passed,1.10s,
uw/uwnet/uxdbigbuffer.py,53964643,5484021,vmcore-main,obj,w2-vmkcoreqe-004,passed,0.79s,
uw/misc/itimer.py,53964643,5484021,vmcore-main,obj,w2-vmkcoreqe-004,passed,45.85s,
uw/uwnet/getpeername.py,53964643,5484021,vmcore-main,obj,w2-vmkcoreqe-004,passed,24.87s,
uw/busybox/permission.sh,53964643,5484021,vmcore-main,obj,w2-vmkcoreqe-004,passed,0.62s,
uw/busybox/cp.sh,53964643,5484021,vmcore-main,obj,w2-vmkcoreqe-004,passed,0.89s,
uw/busybox/usergroup.sh,53964643,5484021,vmcore-main,obj,w2-vmkcoreqe-004,passed,1.81s,
uw/epoll_stress/mixed_stream.py,53964643,5484021,vmcore-main,obj,w2-vmkcoreqe-004,passed,1.82s,
uw/uw_hardening_posix.py,53964643,5484021,vmcore-main,obj,w2-vmkcoreqe-004,passed,414.59s,
uw/uwsignals/sigfpe.py,53964643,5484021,vmcore-main,obj,w2-vmkcoreqe-004,passed,0.68s,
uw/ntp/gettime.py,53964643,5484021,vmcore-main,obj,w2-vmkcoreqe-004,passed,7.58s,
uw/uwsignals/sigchldignore.py,53964643,5484021,vmcore-main,obj,w2-vmkcoreqe-004,passed,14.15s,
uw/uwsignals/sigjump.py,53964643,5484021,vmcore-main,obj,w2-vmkcoreqe-004,passed,2.33s,
uw/uwsignals/sigprocmask.py,53964643,5484021,vmcore-main,obj,w2-vmkcoreqe-004,passed,0.68s,
uw/uwsignals/sigaltstack.py,53964643,5484021,vmcore-main,obj,w2-vmkcoreqe-004,passed,28.73s,
uw/uwsignals/sigintrloop.py,53964643,5484021,vmcore-main,obj,w2-vmkcoreqe-004,passed,13.20s,
uw/malloc_riot/malloc_riot64_stress.py,53964643,5484021,vmcore-main,obj,w2-vmkcoreqe-004,passed,937.44s,
uw/uwnet/ipv6opts.py,53964643,5484021,vmcore-main,obj,w2-vmkcoreqe-004,passed,1126.09s,
uw/vmkuser_domainTests.sh,53964643,5484021,vmcore-main,obj,w2-vmkcoreqe-004,passed,11.67s,
uw/cowcheck_stress.py,53964643,5484021,vmcore-main,obj,w2-vmkcoreqe-004,passed,51.51s,
uw/munmapVsSwap.py,53964643,5484021,vmcore-main,obj,w2-vmkcoreqe-004,passed,501.82s,
security/vmkaccessReplacePolicy.py,53962975,5483985,vmcore-main,obj,w1-vmkcoreqe-057,passed,3.37s,
security/vmkaccessCheck.py,53962975,5483985,vmcore-main,obj,w1-vmkcoreqe-057,passed,7.50s,
filesystems/userworld.py,53962975,5483985,vmcore-main,obj,w1-vmkcoreqe-057,passed,7.77s,
security/vmkaccessPolicyMgmt.py,53962975,5483985,vmcore-main,obj,w1-vmkcoreqe-057,passed,13.91s,
uw/cowcheck.py,53962975,5483985,vmcore-main,obj,w1-vmkcoreqe-057,passed,6.41s,
uw/uw_fdlimits.py,53962975,5483985,vmcore-main,obj,w1-vmkcoreqe-057,passed,2.33s,
uw/sockoptNetstack.py,53962975,5483985,vmcore-main,obj,w1-vmkcoreqe-057,passed,11.61s,
uw/rawlong.py,53962975,5483985,vmcore-main,obj,w1-vmkcoreqe-057,passed,2.96s,
uw/vmklink.py,53962975,5483985,vmcore-main,obj,w1-vmkcoreqe-057,passed,9.18s,
uw/uwthreads.py,53962975,5483985,vmcore-main,obj,w1-vmkcoreqe-057,passed,14.71s,
uw/uwexeccheck.py,53962975,5483985,vmcore-main,obj,w1-vmkcoreqe-057,passed,2.05s,
uw/uwEncryptedSwap.py,53962975,5483985,vmcore-main,obj,w1-vmkcoreqe-057,passed,22.06s,
uw/uwrm.py,53962975,5483985,vmcore-main,obj,w1-vmkcoreqe-057,passed,15.98s,
uw/vmkuserpy.py,53962975,5483985,vmcore-main,obj,w1-vmkcoreqe-057,passed,0.28s,
uw/xzDecompressionTest.py,53962975,5483985,vmcore-main,obj,w1-vmkcoreqe-057,passed,6.31s,
uw/uwswap.py,53962975,5483985,vmcore-main,obj,w1-vmkcoreqe-057,passed,2.83s,
uw/uw_vmksyscall_domainTests.py,53962975,5483985,vmcore-main,obj,w1-vmkcoreqe-057,passed,3.32s,
uw/malloc_riot/malloc_riot32.py,53962975,5483985,vmcore-main,obj,w1-vmkcoreqe-057,passed,1.39s,
uw/pthread/tsdhandling.py,53962975,5483985,vmcore-main,obj,w1-vmkcoreqe-057,passed,2.21s,
uw/pthread/scheduling.py,53962975,5483985,vmcore-main,obj,w1-vmkcoreqe-057,passed,2.33s,
uw/pthread/misc.py,53962975,5483985,vmcore-main,obj,w1-vmkcoreqe-057,passed,2.43s,
uw/uw_hardening_enforcement.py,53962975,5483985,vmcore-main,obj,w1-vmkcoreqe-057,passed,213.12s,
uw/fs/fs_renamexdev.py,53962975,5483985,vmcore-main,obj,w1-vmkcoreqe-057,passed,9.75s,
uw/fs/fs_terminal.py,53962975,5483985,vmcore-main,obj,w1-vmkcoreqe-057,passed,5.56s,
uw/fs/fs_kheapSuck.py,53962975,5483985,vmcore-main,obj,w1-vmkcoreqe-057,passed,8.82s,
uw/fs/uwfs_ftruncate.py,53962975,5483985,vmcore-main,obj,w1-vmkcoreqe-057,passed,1.61s,
uw/fs/uwfs_eventfd.py,53962975,5483985,vmcore-main,obj,w1-vmkcoreqe-057,passed,13.80s,
uw/fs/fs_filecreate.py,53962975,5483985,vmcore-main,obj,w1-vmkcoreqe-057,passed,12.78s,
uw/pthread/condvarhandling.py,53962975,5483985,vmcore-main,obj,w1-vmkcoreqe-057,passed,216.85s,
uw/fs/fs_deepdirchain.py,53962975,5483985,vmcore-main,obj,w1-vmkcoreqe-057,passed,20.74s,
uw/misc/timeofday.py,53962975,5483985,vmcore-main,obj,w1-vmkcoreqe-057,passed,1.71s,
uw/misc/uwvmk-version.py,53962975,5483985,vmcore-main,obj,w1-vmkcoreqe-057,passed,1.41s,
uw/misc/uwtime.py,53962975,5483985,vmcore-main,obj,w1-vmkcoreqe-057,passed,1.91s,
uw/misc/hello.py,53962975,5483985,vmcore-main,obj,w1-vmkcoreqe-057,passed,1.40s,
uw/misc/echoenv.py,53962975,5483985,vmcore-main,obj,w1-vmkcoreqe-057,passed,1.71s,
uw/misc/gettimeofday.py,53962975,5483985,vmcore-main,obj,w1-vmkcoreqe-057,passed,1.37s,
uw/misc/sysinfo.py,53962975,5483985,vmcore-main,obj,w1-vmkcoreqe-057,passed,1.80s,
uw/misc/locales.py,53962975,5483985,vmcore-main,obj,w1-vmkcoreqe-057,passed,1.70s,
uw/misc/sgio.py,53962975,5483985,vmcore-main,obj,w1-vmkcoreqe-057,passed,2.62s,
uw/misc/notimplemented.py,53962975,5483985,vmcore-main,obj,w1-vmkcoreqe-057,passed,1.40s,
uw/misc/helloprintf.py,53962975,5483985,vmcore-main,obj,w1-vmkcoreqe-057,passed,1.40s,
uw/misc/versions.py,53962975,5483985,vmcore-main,obj,w1-vmkcoreqe-057,passed,1.89s,
uw/misc/smbiosTest.py,53962975,5483985,vmcore-main,obj,w1-vmkcoreqe-057,passed,1.72s,
uw/uwnet/fionbio.py,53962975,5483985,vmcore-main,obj,w1-vmkcoreqe-057,passed,1.91s,
uw/uwnet/uxdsockshtd.py,53962975,5483985,vmcore-main,obj,w1-vmkcoreqe-057,passed,2.22s,
uw/uwnet/unix_domain_socket.py,53962975,5483985,vmcore-main,obj,w1-vmkcoreqe-057,passed,33.78s,
uw/uwnet/ifconfig.py,53962975,5483985,vmcore-main,obj,w1-vmkcoreqe-057,passed,1.61s,
uw/uwnet/sockoptipv6.py,53962975,5483985,vmcore-main,obj,w1-vmkcoreqe-057,passed,1.61s,
uw/uwnet/socketpair.py,53962975,5483985,vmcore-main,obj,w1-vmkcoreqe-057,passed,9.57s,
uw/epoll_stress/mixed_stream.py,53962975,5483985,vmcore-main,obj,w1-vmkcoreqe-057,passed,2.83s,
uw/uw_hardening_posix.py,53962975,5483985,vmcore-main,obj,w1-vmkcoreqe-057,passed,432.44s,
uw/ntp/riot.py,53962975,5483985,vmcore-main,obj,w1-vmkcoreqe-057,passed,81.96s,
uw/uwnet/ipv6opts.py,53962975,5483985,vmcore-main,obj,w1-vmkcoreqe-057,passed,435.80s,
uw/malloc_riot/malloc_riot64_stress.py,53962975,5483985,vmcore-main,obj,w1-vmkcoreqe-057,passed,1171.24s,
uw/random_maps.py,53962975,5483985,vmcore-main,obj,w1-vmkcoreqe-057,passed,2.72s,
uw/userMemSweep.py,53962975,5483985,vmcore-main,obj,w1-vmkcoreqe-057,passed,20.90s,
uw/verifySystemWideMaxUWCartels.py,53962975,5483985,vmcore-main,obj,w1-vmkcoreqe-057,passed,35.55s,
uw/vmkuser_domainTests.sh,53962975,5483985,vmcore-main,obj,w1-vmkcoreqe-057,passed,17.96s,
uw/cowcheck_stress.py,53962975,5483985,vmcore-main,obj,w1-vmkcoreqe-057,passed,54.89s,
uw/uw_sim_reboot.py,53962975,5483985,vmcore-main,obj,w1-vmkcoreqe-057,passed,49.73s,
uw/uwsync.py,53962975,5483985,vmcore-main,obj,w1-vmkcoreqe-057,passed,26.25s,
uw/uwcoredump.py,53962975,5483985,vmcore-main,obj,w1-vmkcoreqe-057,passed,4.56s,
uw/uwhttp.py,53962975,5483985,vmcore-main,obj,w1-vmkcoreqe-057,passed,31.44s,
uw/userspaces.py,53962975,5483985,vmcore-main,obj,w1-vmkcoreqe-057,passed,87.97s,
uw/busybox/init.py,53962975,5483985,vmcore-main,obj,w1-vmkcoreqe-057,passed,3.64s,
uw/ntp/settime.py,53962975,5483985,vmcore-main,obj,w1-vmkcoreqe-057,passed,5.77s,
uw/others/userProc.sh,53962975,5483985,vmcore-main,obj,w1-vmkcoreqe-057,passed,9.45s,
uw/uwproc/uwproc_prctl-fss.py,53962975,5483985,vmcore-main,obj,w2-vmkcoreqe-006,passed,2.49s,
uw/uwproc/uwproc_pgroups.py,53962975,5483985,vmcore-main,obj,w2-vmkcoreqe-006,passed,3.59s,
uw/uwproc/uwproc_simpleexecve.py,53962975,5483985,vmcore-main,obj,w2-vmkcoreqe-006,passed,6.86s,
uw/uwproc/uwproc_forkexecSharing.py,53962975,5483985,vmcore-main,obj,w2-vmkcoreqe-006,passed,5.91s,
uw/uwproc/uwproc_doexit.py,53962975,5483985,vmcore-main,obj,w2-vmkcoreqe-006,passed,7.83s,
uw/uwproc/uwproc_execveneg.py,53962975,5483985,vmcore-main,obj,w2-vmkcoreqe-006,passed,2.82s,
uw/uwproc/uwproc_forkchk.py,53962975,5483985,vmcore-main,obj,w2-vmkcoreqe-006,passed,2.66s,
uw/uwproc/uwproc_setreuid.py,53962975,5483985,vmcore-main,obj,w2-vmkcoreqe-006,passed,3.46s,
uw/uwproc/uwproc_setuid.py,53962975,5483985,vmcore-main,obj,w2-vmkcoreqe-006,passed,9.23s,
uw/uwproc/uwproc_childexit.py,53962975,5483985,vmcore-main,obj,w2-vmkcoreqe-006,passed,2.83s,
uw/uwproc/uwproc_sysvshm.py,53962975,5483985,vmcore-main,obj,w2-vmkcoreqe-006,passed,12.44s,
uw/uwproc/uwproc_setresuid.py,53962975,5483985,vmcore-main,obj,w2-vmkcoreqe-006,passed,2.19s,
uw/uwproc/uwproc_execvedriver.py,53962975,5483985,vmcore-main,obj,w2-vmkcoreqe-006,passed,2.23s,
uw/fs/fs_readlink.py,53962975,5483985,vmcore-main,obj,w2-vmkcoreqe-006,passed,4.41s,
uw/fs/fs_preadwrite.py,53962975,5483985,vmcore-main,obj,w2-vmkcoreqe-006,passed,5.44s,
uw/fs/uwfs_passingFD.py,53962975,5483985,vmcore-main,obj,w2-vmkcoreqe-006,passed,3.27s,
uw/fs/uwfs_epoll_unix_dgram.py,53962975,5483985,vmcore-main,obj,w2-vmkcoreqe-006,passed,4.66s,
uw/fs/fs_xattr.py,53962975,5483985,vmcore-main,obj,w2-vmkcoreqe-006,passed,6.61s,
uw/fs/uwfs_sendfile.py,53962975,5483985,vmcore-main,obj,w2-vmkcoreqe-006,passed,22.69s,
uw/fs/fs_duptest.py,53962975,5483985,vmcore-main,obj,w2-vmkcoreqe-006,passed,4.73s,
uw/fs/uwfs_ppoll.py,53962975,5483985,vmcore-main,obj,w2-vmkcoreqe-006,passed,46.75s,
uw/uwproc/uwproc_forkleak.py,53962975,5483985,vmcore-main,obj,w2-vmkcoreqe-006,passed,78.46s,
uw/fs/uwfs_readWithInterrupt.py,53962975,5483985,vmcore-main,obj,w2-vmkcoreqe-006,passed,4.56s,
uw/fs/fs_relativedir.py,53962975,5483985,vmcore-main,obj,w2-vmkcoreqe-006,passed,5.02s,
uw/fs/fs_stat64.py,53962975,5483985,vmcore-main,obj,w2-vmkcoreqe-006,passed,5.41s,
uw/fs/uwfs_fdatasync.py,53962975,5483985,vmcore-main,obj,w2-vmkcoreqe-006,passed,5.65s,
uw/fs/uwfs_nonblock.py,53962975,5483985,vmcore-main,obj,w2-vmkcoreqe-006,passed,8.19s,
uw/fs/uwfs_parallelops.py,53962975,5483985,vmcore-main,obj,w2-vmkcoreqe-006,passed,3.19s,
uw/fs/fs_fdExhaust.py,53962975,5483985,vmcore-main,obj,w2-vmkcoreqe-006,passed,5.59s,
uw/fs/uwfs_pselect.py,53962975,5483985,vmcore-main,obj,w2-vmkcoreqe-006,passed,49.86s,
uw/fs/fs_flockupgrade.py,53962975,5483985,vmcore-main,obj,w2-vmkcoreqe-006,passed,5.64s,
uw/fs/uwfs_testspldevs.py,53962975,5483985,vmcore-main,obj,w2-vmkcoreqe-006,passed,2.68s,
uw/misc/dlopen_64.py,53962975,5483985,vmcore-main,obj,w2-vmkcoreqe-006,passed,2.30s,
uw/misc/echoargs.py,53962975,5483985,vmcore-main,obj,w2-vmkcoreqe-006,passed,4.99s,
uw/fs/fs_openfile.py,53962975,5483985,vmcore-main,obj,w2-vmkcoreqe-006,passed,10.99s,
uw/misc/uwtimes.py,53962975,5483985,vmcore-main,obj,w2-vmkcoreqe-006,passed,1.80s,
uw/misc/intr.py,53962975,5483985,vmcore-main,obj,w2-vmkcoreqe-006,passed,40.63s,
uw/fs/uwfs_maxOpenFds.py,53962975,5483985,vmcore-main,obj,w2-vmkcoreqe-006,passed,107.65s,
uw/misc/itimer.py,53962975,5483985,vmcore-main,obj,w2-vmkcoreqe-006,passed,43.77s,
uw/uwnet/asyncconnect.py,53962975,5483985,vmcore-main,obj,w2-vmkcoreqe-006,passed,4.31s,
uw/uwnet/ipopts.py,53962975,5483985,vmcore-main,obj,w2-vmkcoreqe-006,passed,2.17s,
uw/uwnet/getnameinfo.py,53962975,5483985,vmcore-main,obj,w2-vmkcoreqe-006,passed,2.29s,
uw/fs/uwfs_fcntlLock.py,53962975,5483985,vmcore-main,obj,w2-vmkcoreqe-006,passed,72.42s,
uw/uwnet/accepttest.py,53962975,5483985,vmcore-main,obj,w2-vmkcoreqe-006,passed,3.83s,
uw/busybox/readlink.sh,53962975,5483985,vmcore-main,obj,w2-vmkcoreqe-006,passed,1.82s,
uw/busybox/cp.sh,53962975,5483985,vmcore-main,obj,w2-vmkcoreqe-006,passed,3.19s,
uw/uwnet/getpeername.py,53962975,5483985,vmcore-main,obj,w2-vmkcoreqe-006,passed,25.93s,
uw/epoll_stress/unix_socket.py,53962975,5483985,vmcore-main,obj,w2-vmkcoreqe-006,passed,4.53s,
uw/epoll_stress/eventfd.py,53962975,5483985,vmcore-main,obj,w2-vmkcoreqe-006,passed,12.02s,
uw/ntp/gettime.py,53962975,5483985,vmcore-main,obj,w2-vmkcoreqe-006,passed,15.04s,
uw/uwsignals/sigchldignore.py,53962975,5483985,vmcore-main,obj,w2-vmkcoreqe-006,passed,12.33s,
uw/uwsignals/pause.py,53962975,5483985,vmcore-main,obj,w2-vmkcoreqe-006,passed,19.83s,
uw/uwsignals/sigsusp.py,53962975,5483985,vmcore-main,obj,w2-vmkcoreqe-006,passed,1.85s,
uw/uwsignals/sa_oneshot.py,53962975,5483985,vmcore-main,obj,w2-vmkcoreqe-006,passed,3.64s,
uw/uwsignals/sigfault.py,53962975,5483985,vmcore-main,obj,w2-vmkcoreqe-006,passed,1.80s,
uw/uwsignals/sigjump.py,53962975,5483985,vmcore-main,obj,w2-vmkcoreqe-006,passed,6.25s,
uw/uwsignals/sigthreaddoublekill.py,53962975,5483985,vmcore-main,obj,w2-vmkcoreqe-006,passed,1.47s,
uw/uwsignals/sighandler.py,53962975,5483985,vmcore-main,obj,w2-vmkcoreqe-006,passed,1.43s,
uw/uwsignals/sleepcheck.py,53962975,5483985,vmcore-main,obj,w2-vmkcoreqe-006,passed,24.80s,
uw/uwsignals/sigmaskunblockable.py,53962975,5483985,vmcore-main,obj,w2-vmkcoreqe-006,passed,1.37s,
uw/uwsignals/sigkill.py,53962975,5483985,vmcore-main,obj,w2-vmkcoreqe-006,passed,9.39s,
uw/uwsignals/alarm.py,53962975,5483985,vmcore-main,obj,w2-vmkcoreqe-006,passed,36.54s,
uw/uwnet/udptest.py,53962975,5483985,vmcore-main,obj,w2-vmkcoreqe-006,passed,88.30s,
rm/mem/outofreservation/forkWOOR.py,53962975,5483985,vmcore-main,obj,w2-vmkcoreqe-006,passed,3.29s,
security/domainLeakTest.py,53962975,5483985,vmcore-main,obj,w2-vmkcoreqe-006,passed,11.75s,
security/vmkaccesspolicy.sh,53962975,5483985,vmcore-main,obj,w2-vmkcoreqe-006,passed,1063.49s,
uw/uwptools.py,53962975,5483985,vmcore-main,obj,w2-vmkcoreqe-006,passed,25.62s,
uw/asyncio/asyncIOCreateDestroyTest.py,53962975,5483985,vmcore-main,obj,w2-vmkcoreqe-006,passed,2.78s,
uw/asyncio/asyncIOOPWait.py,53962975,5483985,vmcore-main,obj,w2-vmkcoreqe-006,passed,10.29s,
uw/asyncio/asyncIOOPReadWrite.py,53962975,5483985,vmcore-main,obj,w2-vmkcoreqe-006,passed,8.65s,
uw/asyncio/asyncIOSubmitNeg.py,53962975,5483985,vmcore-main,obj,w2-vmkcoreqe-006,passed,20.87s,
uw/fs/fs_pristineTar.py,53962975,5483985,vmcore-main,obj,w2-vmkcoreqe-006,passed,1.63s,
uw/uwnet/tcptest.py,53962975,5483985,vmcore-main,obj,w2-vmkcoreqe-006,passed,30.38s,
uw/userMemTest.py,53962975,5483985,vmcore-main,obj,w2-esxfs-006,passed,3.63s,
uw/multithreadedCOW.py,53962975,5483985,vmcore-main,obj,w2-esxfs-006,passed,4.55s,
uw/many_mallocs.py,53962975,5483985,vmcore-main,obj,w2-esxfs-006,passed,10.95s,
uw/pthread/barrierhandling.py,53962975,5483985,vmcore-main,obj,w2-esxfs-006,passed,6.32s,
uw/pselect6.py,53962975,5483985,vmcore-main,obj,w2-esxfs-006,passed,13.46s,
uw/uwdebug/mmaptest.py,53962975,5483985,vmcore-main,obj,w2-esxfs-006,passed,18.28s,
uw/pthread/mutexhandling.py,53962975,5483985,vmcore-main,obj,w2-esxfs-006,passed,12.32s,
uw/pthread/attributehandling.py,53962975,5483985,vmcore-main,obj,w2-esxfs-006,passed,10.63s,
uw/hardening/localcli/enforceGet.py,53962975,5483985,vmcore-main,obj,w2-esxfs-006,passed,1.52s,
uw/hardening/localcli/resourceGetInvalidResource.py,53962975,5483985,vmcore-main,obj,w2-esxfs-006,passed,1.32s,
uw/hardening/localcli/resourceGet.py,53962975,5483985,vmcore-main,obj,w2-esxfs-006,passed,1.24s,
uw/hardening/localcli/enforceGetInvalidGroupPath.py,53962975,5483985,vmcore-main,obj,w2-esxfs-006,passed,1.00s,
uw/hardening/localcli/renameGroupConflictWithExisting.py,53962975,5483985,vmcore-main,obj,w2-esxfs-006,passed,1.42s,
uw/hardening/localcli/moveGroupConflictWithExistingDest.py,53962975,5483985,vmcore-main,obj,w2-esxfs-006,passed,0.98s,
uw/hardening/localcli/addGroupInvalidNameLength.py,53962975,5483985,vmcore-main,obj,w2-esxfs-006,passed,1.28s,
uw/hardening/localcli/listGroupsInvalidLevelnonNumericValue.py,53962975,5483985,vmcore-main,obj,w2-esxfs-006,passed,1.09s,
uw/pthread/cancellation.py,53962975,5483985,vmcore-main,obj,w2-esxfs-006,passed,20.78s,
uw/hardening/localcli/addGroup.py,53962975,5483985,vmcore-main,obj,w2-esxfs-006,passed,1.14s,
uw/hardening/localcli/i18nnonASCII.py,53962975,5483985,vmcore-main,obj,w2-esxfs-006,passed,1.10s,
uw/hardening/localcli/moveGroupInvalidParentPath.py,53962975,5483985,vmcore-main,obj,w2-esxfs-006,passed,1.20s,
uw/hardening/localcli/moveGroup.py,53962975,5483985,vmcore-main,obj,w2-esxfs-006,passed,1.30s,
uw/hardening/localcli/resourceGetInvalidGroupPath.py,53962975,5483985,vmcore-main,obj,w2-esxfs-006,passed,1.11s,
uw/hardening/localcli/verifyResourceStatsLockStepnSockLocal.py,53962975,5483985,vmcore-main,obj,w2-esxfs-006,passed,47.35s,
uw/hardening/localcli/verifyResourceStatsLockStepnInodes.py,53962975,5483985,vmcore-main,obj,w2-esxfs-006,passed,33.50s,
uw/hardening/localcli/verifyResourceStatsLockStepnSem.py,53962975,5483985,vmcore-main,obj,w2-esxfs-006,passed,44.93s,
uw/uwproc/uwproc_prctl.py,53962975,5483985,vmcore-main,obj,w2-esxfs-006,passed,9.49s,
uw/uwproc/uwproc_setsid.py,53962975,5483985,vmcore-main,obj,w2-esxfs-006,passed,13.00s,
uw/hardening/localcli/verifyResourceStatsLockStepnThread.py,53962975,5483985,vmcore-main,obj,w2-esxfs-006,passed,94.00s,
uw/uwproc/uwproc_blockexit.py,53962975,5483985,vmcore-main,obj,w2-esxfs-006,passed,25.76s,
uw/fs/fs_odirect_verify.sh,53962975,5483985,vmcore-main,obj,w2-esxfs-006,passed,2.39s,
uw/fs/fs_mount.py,53962975,5483985,vmcore-main,obj,w2-esxfs-006,passed,12.38s,
uw/fs/uwfs_fdshare.py,53962975,5483985,vmcore-main,obj,w2-esxfs-006,passed,8.68s,
uw/fs/fs_cat_1.py,53962975,5483985,vmcore-main,obj,w2-esxfs-006,passed,21.68s,
uw/fs/uwfs_truncate.py,53962975,5483985,vmcore-main,obj,w2-esxfs-006,passed,5.71s,
uw/fs/fs_fdInheritOnFork.py,53962975,5483985,vmcore-main,obj,w2-esxfs-006,passed,16.40s,
uw/fs/uwfs_epoll.py,53962975,5483985,vmcore-main,obj,w2-esxfs-006,passed,14.44s,
uw/sysvsem/sysvsemops.py,53962975,5483985,vmcore-main,obj,w2-esxfs-006,passed,153.41s,
uw/fs/fs_mkstemp.py,53962975,5483985,vmcore-main,obj,w2-esxfs-006,passed,49.84s,
uw/fs/fs_opendir.py,53962975,5483985,vmcore-main,obj,w2-esxfs-006,passed,30.80s,
uw/misc/sysctl.py,53962975,5483985,vmcore-main,obj,w2-esxfs-006,passed,4.59s,
uw/misc/syscallenter.py,53962975,5483985,vmcore-main,obj,w2-esxfs-006,passed,9.93s,
uw/uwnet/uxdbigbuffer.py,53962975,5483985,vmcore-main,obj,w2-esxfs-006,passed,6.49s,
uw/uwnet/getsockname.py,53962975,5483985,vmcore-main,obj,w2-esxfs-006,passed,4.94s,
uw/uwnet/sockflags.py,53962975,5483985,vmcore-main,obj,w2-esxfs-006,passed,7.13s,
uw/uwnet/unix_socket_limit.py,53962975,5483985,vmcore-main,obj,w2-esxfs-006,passed,5.28s,
uw/busybox/awk.sh,53962975,5483985,vmcore-main,obj,w2-esxfs-006,passed,2.47s,
uw/busybox/unzip.py,53962975,5483985,vmcore-main,obj,w2-esxfs-006,passed,9.24s,
uw/uwnet/uxdmsg.py,53962975,5483985,vmcore-main,obj,w2-esxfs-006,passed,62.46s,
uw/uwsignals/sigfpe.py,53962975,5483985,vmcore-main,obj,w2-esxfs-006,passed,9.06s,
uw/uwsignals/sigmask.py,53962975,5483985,vmcore-main,obj,w2-esxfs-006,passed,4.52s,
uw/uwsignals/sigsegvaltstack.py,53962975,5483985,vmcore-main,obj,w2-esxfs-006,passed,6.47s,
uw/uwsignals/sigill.py,53962975,5483985,vmcore-main,obj,w2-esxfs-006,passed,6.37s,
uw/uwsignals/sigunaligned.py,53962975,5483985,vmcore-main,obj,w2-esxfs-006,passed,4.34s,
uw/uwnet/nettest.py,53962975,5483985,vmcore-main,obj,w2-esxfs-006,passed,86.30s,
uw/uwsignals/sigintrloop.py,53962975,5483985,vmcore-main,obj,w2-esxfs-006,passed,24.86s,
uw/sysvsem/sysvsemtimedops32bit.py,53962975,5483985,vmcore-main,obj,w2-esxfs-006,passed,291.13s,
security/vmkaccessDomainSyscallTest.py,53962975,5483985,vmcore-main,obj,w2-esxfs-006,passed,4.22s,
uwtools/strace/strace-test.sh,53962975,5483985,vmcore-main,obj,w2-esxfs-006,passed,2.49s,
filesystems/bcLastCloseRace.py,53962975,5483985,vmcore-main,obj,w2-esxfs-006,passed,5.94s,
filesystems/nfs/nfs-server-uwtest.sh,53962975,5483985,vmcore-main,obj,w2-esxfs-006,passed,773.20s,
uw/page_share_multithread.py,53962975,5483985,vmcore-main,obj,w2-esxfs-006,passed,17.96s,
uw/userVASpaceTest.sh,53962975,5483985,vmcore-main,obj,w2-esxfs-006,passed,3.31s,
uw/host_local_swap.py,53962975,5483985,vmcore-main,obj,w2-esxfs-006,passed,6.47s,
uw/uwvmk.py,53962975,5483985,vmcore-main,obj,w2-esxfs-006,passed,137.23s,
uw/munmapVsSwap.py,53962975,5483985,vmcore-main,obj,w2-esxfs-006,passed,503.60s,
uw/sshperm.py,53962975,5483985,vmcore-main,obj,w1-vmkcoreqe-026,passed,0.71s,
uw/inotify.py,53962975,5483985,vmcore-main,obj,w1-vmkcoreqe-026,passed,1.72s,
uw/getppid_ptrace.py,53962975,5483985,vmcore-main,obj,w1-vmkcoreqe-026,passed,12.41s,
uw/malloc_riot/malloc_riot64.py,53962975,5483985,vmcore-main,obj,w1-vmkcoreqe-026,passed,9.29s,
uw/uwpoll.py,53962975,5483985,vmcore-main,obj,w1-vmkcoreqe-026,passed,31.51s,
uw/fs_disk.py,53962975,5483985,vmcore-main,obj,w1-vmkcoreqe-026,passed,28.98s,
uw/pthread/spinlockhandling.py,53962975,5483985,vmcore-main,obj,w1-vmkcoreqe-026,passed,2.85s,
uw/pthread/management.py,53962975,5483985,vmcore-main,obj,w1-vmkcoreqe-026,passed,3.87s,
uw/hardening/localcli/moveGroupInvalidGroupPath.py,53962975,5483985,vmcore-main,obj,w1-vmkcoreqe-026,passed,1.06s,
uw/hardening/localcli/addGroupExisting.py,53962975,5483985,vmcore-main,obj,w1-vmkcoreqe-026,passed,1.10s,
uw/hardening/localcli/listGroupsInvalidPath.py,53962975,5483985,vmcore-main,obj,w1-vmkcoreqe-026,passed,1.02s,
uw/hardening/localcli/listGroups.py,53962975,5483985,vmcore-main,obj,w1-vmkcoreqe-026,passed,1.17s,
uw/hardening/localcli/listGroupsInvalidLeveltooLargeValue.py,53962975,5483985,vmcore-main,obj,w1-vmkcoreqe-026,passed,1.22s,
uw/hardening/localcli/enforceSetInvalidLevel.py,53962975,5483985,vmcore-main,obj,w1-vmkcoreqe-026,passed,1.02s,
uw/hardening/localcli/addGroupInvalidCharsInName.py,53962975,5483985,vmcore-main,obj,w1-vmkcoreqe-026,passed,1.01s,
uw/hardening/localcli/resourceSetInvalidResource.py,53962975,5483985,vmcore-main,obj,w1-vmkcoreqe-026,passed,1.02s,
uw/hardening/localcli/enforceSetInvalidGroupPath.py,53962975,5483985,vmcore-main,obj,w1-vmkcoreqe-026,passed,0.92s,
uw/hardening/localcli/enforceMaxLevelOnPathInEffect.py,53962975,5483985,vmcore-main,obj,w1-vmkcoreqe-026,passed,1.11s,
uw/hardening/localcli/i18nstringTooLong.py,53962975,5483985,vmcore-main,obj,w1-vmkcoreqe-026,passed,1.13s,
uw/readlink.py,53962975,5483985,vmcore-main,obj,w1-vmkcoreqe-026,passed,51.81s,
uw/hardening/localcli/moveGroupViolateCyclicDependency.py,53962975,5483985,vmcore-main,obj,w1-vmkcoreqe-026,passed,1.13s,
uw/hardening/localcli/moveGroupViolateResourceConstraint.py,53962975,5483985,vmcore-main,obj,w1-vmkcoreqe-026,passed,1.03s,
uw/hardening/localcli/listGroupsInvalidLevelnegativeValue.py,53962975,5483985,vmcore-main,obj,w1-vmkcoreqe-026,passed,1.03s,
uw/hardening/localcli/renameGroup.py,53962975,5483985,vmcore-main,obj,w1-vmkcoreqe-026,passed,1.01s,
uw/hardening/localcli/resourceSet.py,53962975,5483985,vmcore-main,obj,w1-vmkcoreqe-026,passed,1.02s,
uw/hardening/localcli/renameGroupInvalidGroupPath.py,53962975,5483985,vmcore-main,obj,w1-vmkcoreqe-026,passed,1.01s,
uw/hardening/localcli/resourceSetInvalidGroupPath.py,53962975,5483985,vmcore-main,obj,w1-vmkcoreqe-026,passed,1.06s,
uw/hardening/localcli/deleteGroup.py,53962975,5483985,vmcore-main,obj,w1-vmkcoreqe-026,passed,1.02s,
uw/pthread/rwlockhandling.py,53962975,5483985,vmcore-main,obj,w1-vmkcoreqe-026,passed,29.19s,
uw/hardening/localcli/addGroupInvalidPath.py,53962975,5483985,vmcore-main,obj,w1-vmkcoreqe-026,passed,0.97s,
uw/hardening/localcli/deleteGroupInvalidPath.py,53962975,5483985,vmcore-main,obj,w1-vmkcoreqe-026,passed,1.05s,
uw/hardening/localcli/resourceSetInvalidMax.py,53962975,5483985,vmcore-main,obj,w1-vmkcoreqe-026,passed,1.01s,
uw/hardening/localcli/enforceSet.py,53962975,5483985,vmcore-main,obj,w1-vmkcoreqe-026,passed,1.87s,
uw/sysvsem/seqsemops.py,53962975,5483985,vmcore-main,obj,w1-vmkcoreqe-026,passed,6.94s,
uw/sysvsem/sysvsemget.py,53962975,5483985,vmcore-main,obj,w1-vmkcoreqe-026,passed,11.22s,
uw/hardening/localcli/verifyResourceStatsLockStepnSockInet.py,53962975,5483985,vmcore-main,obj,w1-vmkcoreqe-026,passed,39.28s,
uw/hardening/localcli/verifyResourceStatsLockStepnSock.py,53962975,5483985,vmcore-main,obj,w1-vmkcoreqe-026,passed,52.35s,
uw/uwproc/uwproc_setpgid.py,53962975,5483985,vmcore-main,obj,w1-vmkcoreqe-026,passed,33.86s,
uw/uwproc/uwproc_waittest.py,53962975,5483985,vmcore-main,obj,w1-vmkcoreqe-026,passed,1.84s,
uw/sysvsem/seqsemtimedops.py,53962975,5483985,vmcore-main,obj,w1-vmkcoreqe-026,passed,69.68s,
uw/uwproc/uwproc_procexit.py,53962975,5483985,vmcore-main,obj,w1-vmkcoreqe-026,passed,4.16s,
uw/uwproc/uwproc_seccomp.py,53962975,5483985,vmcore-main,obj,w1-vmkcoreqe-026,passed,13.87s,
uw/fs/uwfs_fifo.py,53962975,5483985,vmcore-main,obj,w1-vmkcoreqe-026,passed,15.23s,
uw/fs/uwfs_writetounlinkd.py,53962975,5483985,vmcore-main,obj,w1-vmkcoreqe-026,passed,2.35s,
uw/fs/fs_canmaketestfiles.py,53962975,5483985,vmcore-main,obj,w1-vmkcoreqe-026,passed,15.60s,
uw/fs/uwfs_chroot.py,53962975,5483985,vmcore-main,obj,w1-vmkcoreqe-026,passed,9.80s,
uw/fs/uwfs_relfunc.py,53962975,5483985,vmcore-main,obj,w1-vmkcoreqe-026,passed,2.05s,
uw/fs/fs_longfilename.py,53962975,5483985,vmcore-main,obj,w1-vmkcoreqe-026,passed,20.82s,
uw/fs/uwfs_xattr.py,53962975,5483985,vmcore-main,obj,w1-vmkcoreqe-026,passed,3.01s,
uw/fs/fs_writetounlinkd.py,53962975,5483985,vmcore-main,obj,w1-vmkcoreqe-026,passed,13.56s,
uw/fs/fs_fstest.py,53962975,5483985,vmcore-main,obj,w1-vmkcoreqe-026,passed,62.13s,
uw/misc/uname.py,53962975,5483985,vmcore-main,obj,w1-vmkcoreqe-026,passed,10.28s,
uw/misc/timezone.py,53962975,5483985,vmcore-main,obj,w1-vmkcoreqe-026,passed,1.95s,
uw/misc/dlopen_32.py,53962975,5483985,vmcore-main,obj,w1-vmkcoreqe-026,passed,2.44s,
uw/uwnet/socketshare.py,53962975,5483985,vmcore-main,obj,w1-vmkcoreqe-026,passed,17.84s,
uw/uwnet/unix_socket_mismatch.py,53962975,5483985,vmcore-main,obj,w1-vmkcoreqe-026,passed,2.14s,
uw/uwnet/peercred.py,53962975,5483985,vmcore-main,obj,w1-vmkcoreqe-026,passed,25.93s,
uw/sysvsem/sysvsemtimedops.py,53962975,5483985,vmcore-main,obj,w1-vmkcoreqe-026,passed,211.94s,
uw/uwnet/uxdblk.py,53962975,5483985,vmcore-main,obj,w1-vmkcoreqe-026,passed,23.70s,
uw/busybox/timedate.sh,53962975,5483985,vmcore-main,obj,w1-vmkcoreqe-026,passed,1.22s,
uw/busybox/permission.sh,53962975,5483985,vmcore-main,obj,w1-vmkcoreqe-026,passed,0.91s,
uw/busybox/tar.sh,53962975,5483985,vmcore-main,obj,w1-vmkcoreqe-026,passed,3.88s,
uw/uwnet/msgnosig.py,53962975,5483985,vmcore-main,obj,w1-vmkcoreqe-026,passed,28.21s,
uw/busybox/usergroup.sh,53962975,5483985,vmcore-main,obj,w1-vmkcoreqe-026,passed,3.26s,
uw/epoll_stress/inet_socket.py,53962975,5483985,vmcore-main,obj,w1-vmkcoreqe-026,passed,3.46s,
uw/uwsignals/sigrecursive.py,53962975,5483985,vmcore-main,obj,w1-vmkcoreqe-026,passed,2.34s,
uw/ntp/adjusttime.py,53962975,5483985,vmcore-main,obj,w1-vmkcoreqe-026,passed,7.54s,
uw/uwsignals/sigq.py,53962975,5483985,vmcore-main,obj,w1-vmkcoreqe-026,passed,1.65s,
uw/uwsignals/sigstop.py,53962975,5483985,vmcore-main,obj,w1-vmkcoreqe-026,passed,17.63s,
uw/uwsignals/sigprocmask.py,53962975,5483985,vmcore-main,obj,w1-vmkcoreqe-026,passed,1.34s,
uw/sysvsem/sysvsemping.py,53962975,5483985,vmcore-main,obj,w1-vmkcoreqe-026,passed,285.04s,
uw/uwsignals/infinitesignals.py,53962975,5483985,vmcore-main,obj,w1-vmkcoreqe-026,passed,5.82s,
uw/uwsignals/sigaltstack.py,53962975,5483985,vmcore-main,obj,w1-vmkcoreqe-026,passed,30.03s,
uw/ntp/getres.py,53962975,5483985,vmcore-main,obj,w1-vmkcoreqe-026,passed,40.79s,
uw/uwsignals/sigchld.py,53962975,5483985,vmcore-main,obj,w1-vmkcoreqe-026,passed,8.56s,
uw/uwsignals/sigpending.py,53962975,5483985,vmcore-main,obj,w1-vmkcoreqe-026,passed,56.08s,
filesystems/fsnTest.py,53962975,5483985,vmcore-main,obj,w1-vmkcoreqe-026,failed,0.70s,PR1955420
